date,tag,delta,weight,source,notes
2026-01-25,META,1.5,0.6,calendar/roundups/2026-01-25.md,Control + uncertainty-aware design trending toward deployable engineering.
2026-01-25,SBSP,1.0,0.6,calendar/roundups/2026-01-25.md,Moving-target tracking demos improve beam-control confidence.
2026-01-25,SWARM,1.0,0.6,calendar/roundups/2026-01-25.md,Resource-aware autonomy keeps professionalizing.
2026-01-25,CTRL,0.5,0.6,calendar/roundups/2026-01-25.md,Energy-harvesting interfaces trend toward ultra-low-power integration.
2026-01-25,PV,0.5,0.6,calendar/roundups/2026-01-25.md,AI-assisted reliability/manufacturing optimization continues.
2026-01-25,STOR,0.2,0.6,calendar/roundups/2026-01-25.md,Steady progress without a January breakout.
2026-02-14,SBSP,1.0,0.3,calendar/roundups/2026-02-08.md,Power-beaming demo cadence supports relay-focused experiment priorities.
2026-02-14,SWARM,1.0,0.3,calendar/roundups/2026-02-08.md,Distributed beamforming-under-uncertainty progress increases confidence in coordination experiments.
2026-02-15,SBSP,1.0,0.3,calendar/roundups/2026-02-08.md,Relay-chain framing reinforced around coherence/pointing/loss minimization and demo readiness.
2026-02-15,SWARM,1.0,0.3,calendar/roundups/2026-02-08.md,Uncertainty-aware beamforming and Starling-like operations justify new swarm constraint questing.
2026-02-15,STOR,0.4,0.3,calendar/roundups/2026-02-08.md,Night-side storage planning elevated from background risk to explicit budget-target quest.
2026-02-19,SBSP,1.2,0.4,calendar/roundups/2026-02-15.md,DARPA POWER framing strengthened requirements emphasis on multi-path relay metrics and safety envelopes.
2026-02-19,CTRL,1.0,0.4,calendar/roundups/2026-02-15.md,PMU baseline architecture raises confidence in explicit harvest→MPPT→store/regulate budget modeling.
2026-02-19,SWARM,0.8,0.4,calendar/roundups/2026-02-15.md,Starling operational constraints reinforce autonomy-window and fault-handling realism requirements.
2026-02-19,PV,0.7,0.4,calendar/roundups/2026-02-15.md,LEO perovskite taxonomy clarifies scale-up gates around stability and environment survivability.
2026-02-19,META,0.6,0.4,calendar/roundups/2026-02-15.md,FNO/operator-learning signal supports design-time surrogate workflow rather than on-node dependence.
2026-06-09,PV,0.6,0.5,docs/pv_leo_perovskite_risk_register.md,External review plus Ricoh/JAXA demo signals support LEO PSC promise but keep qualification burden centered on combined-stressor gates.
2026-06-09,MAT,0.4,0.5,docs/pv_leo_perovskite_risk_register.md,Encapsulation and stack chemistry remain primary material readiness risks for flexible LEO PSC surfaces.
2026-07-12,STOR,0.15,0.55,calendar/roundups/2026-07-12.md,Orbital betavoltaic demonstration supports auxiliary safe-mode sensitivity but does not reduce battery/heater/PCM uncertainty.
2026-07-12,SBSP,0.30,0.55,calendar/roundups/2026-07-12.md,Private financing and a stated 2026 in-space test strengthen local optical power-service plausibility without on-orbit performance proof.
2026-07-12,SWARM,0.20,0.45,calendar/roundups/2026-07-12.md,Resource-aware scheduling evidence supports coupled bottleneck and nonlinear collapse-threshold experiments.
2026-07-12,META,0.15,0.40,calendar/roundups/2026-07-12.md,Mobile nanoimprinted photonic surfaces inform abstraction and manufacturing dimensions but not vacuum actuation readiness.
2026-07-12,PV,0.00,0.60,calendar/roundups/2026-07-12.md,No recent primary result changed the existing combined-stressor perovskite risk posture.